tiempo_promedio,interacciones,sesiones_activas,tiempo_respuesta,resolucion_problemas,retencion
21.044317975023777,8,16.71526600132229,1.7247315752542083,0.33362839583686565,9.587409609750152
10.201649380601122,8,17.772422429052575,1.3896437870429206,0.79155820259137,7.112176603095934
13.359069755507846,7,15.7057662211089,1.7459299011763445,0.45129411302925493,6.206843785377918
20.984306179345616,13,13.531888643666711,1.9261098405912642,0.1834421964034345,8.983416762425659
23.692332899977053,10,11.689639117405122,1.7733757954884932,0.8549740195614743,9.345260115144148
20.85684140594985,6,15.344575532185498,2.7262337672353727,0.8825598767723473,8.525616942267074
19.421758588058797,16,10.711443952057571,2.16337238230116,0.4663097561401701,8.564767584935314
18.494481522053555,6,3.3145980660215706,2.1502371798054143,0.07569972730978747,6.906234064466822
12.607390048162863,7,16.74623921663067,2.311103572021701,0.38782608991693124,7.67363820175844
16.400778958026457,12,18.61573936434478,1.4305834411096154,0.8035376594626034,9.622670039375251
17.696806145201062,9,5.548270257832646,2.5195558937101343,0.9017740285462287,6.578384178867223
25.285611131094576,9,10.961077181160249,1.9621178567322701,0.20347274249759584,9.20370705627403
21.71809144784231,9,17.47661704402079,2.335240308620606,0.06697361202527152,9.048520446075711
11.18479922318633,10,23.229981878846793,1.4640713834799222,0.8773504531328387,8.587144624947156
21.620419846973974,12,15.083174830701632,1.223120616991968,0.3894049389788753,10.026005367268802
18.074588597918417,9,12.087988235083461,2.408944829012514,0.5417609642675633,7.13942208512564
16.615389998470206,15,14.26841423558064,2.188204763048758,0.9680658120507589,9.179068580460214
23.05838144420434,11,20.49950567659274,1.5489742228212449,0.06656472791422285,10.829811145001953
25.154997612479754,6,12.416143283501858,1.5651684593626527,0.6483180074520956,8.214831348704669
24.656400595580994,11,11.803231973398987,2.562717392207385,0.07410542257486707,9.094202998835001
15.803912383886807,6,13.06902591127187,1.405294053566336,0.3754689284665004,6.812595844430981
18.453938120743928,7,11.186685566965151,2.8213364766279816,0.8038145451934468,8.242887993415458
21.65631715701782,8,15.490681263979182,1.5496896326760656,0.4334722327556344,9.480871827483321
24.877725635611796,6,21.49871383387824,2.3191959628041916,0.9971823539029504,9.988279136314722
17.60412881077355,13,16.292317092464117,1.8356907621255076,0.5590592849466022,9.485299840502229
19.071705116680914,7,13.99058599149485,2.3015937155411716,0.3211621526359535,7.185776399422266
14.468325129969859,12,13.832754924337824,1.7279429989429036,0.22011132590475313,8.362073109909481
14.018966879596647,12,8.747236765213373,1.918603546963853,0.3505205342861618,6.549875740397124
24.062629111970992,7,18.532439108588637,2.0204595876978604,0.3725332737595508,9.994466669261746
26.781200142854114,7,14.688651211948791,1.4989062721092636,0.06871367772396098,10.708305057329806
19.63994939209833,11,14.278080345637498,2.370412172710063,0.36957419942677316,8.219892937369565
25.01766448946012,6,27.77243027137944,1.7433932167642074,0.4642385197392249,11.128886894357237
21.80818012523817,10,16.195011633462745,1.8857000423299908,0.7227377522388047,9.424673202889217
16.77440122697438,16,11.992835799619263,1.5028253126957438,0.656729484721608,9.41453699832015
21.80697802754207,12,13.294569615177826,0.7188331706023448,0.7087656552291542,9.025010716529046
27.690182832329846,11,19.59378283678702,1.9044861186999156,0.008363681876857099,10.35722250396093
19.820869804450243,9,15.453081642151059,3.206307710806458,0.21766739958053605,8.335255957205565
27.82321827907003,9,9.246888086730532,2.3923021439490118,0.6616842883998565,9.891759071433931
6.901274479551278,6,18.676915738300814,1.9903698101328027,0.48398936817974714,6.397005494465256
24.10951252187612,14,12.327423657844024,1.868554585395866,0.005313475668345946,9.92099036067399
20.435235341190857,11,22.49319110487018,2.011232946406023,0.8044946424318223,10.486169916409597
18.504963247670663,3,19.320192262858594,2.273559557587605,0.7728095732903374,8.735626157023926
20.45880388267751,13,13.210712417364995,1.4095935923455776,0.5484191629935626,8.520935431250189
10.062155426995536,8,20.124065446940453,2.557160847334436,0.06646332577627212,6.784849191025072
18.90164056081244,8,15.271422042109613,2.357690657720622,0.7665150495325846,8.502226525499637
21.78556285755873,12,18.411094700488878,2.3590928628539674,0.583713587731364,10.572065637520092
27.38947022370758,7,16.9389312691779,2.219237869404864,0.7819599771579592,10.340121557097019
17.40864890863176,6,11.614573380036505,2.009808328846995,0.7517469923958404,7.114307185040884
15.957531985534061,10,12.425800670730151,2.33643061798341,0.8030020719578371,6.315602411347991
17.491214782077318,15,19.119843270324644,2.295907066870689,0.5180080664046248,9.654759330096853
24.57701058851037,11,13.660898671573836,1.8229796445294881,0.140324518193515,10.227667633135818
21.643755548298422,6,13.385406147032013,1.7131991135515494,0.6711574733796887,7.984319092895673
17.351198981164806,10,11.179509682602589,2.0509281476309935,0.6204737850519706,7.720000736627013
22.56633716556678,7,16.694396262373843,2.774510075747594,0.7422531871990872,9.497897119654967
20.4853877467402,11,23.25009967697258,1.3804464621730497,0.1698810060507353,10.668123309419366
24.843224952664446,13,10.729868342982908,1.26623736712378,0.19497519990028922,10.104729742429978
16.489734530613237,10,15.096877826691033,2.0823804206182586,0.8904095172193285,7.7552138328294715
18.361689267011158,9,20.648882221661715,2.025443850928009,0.7499777984520708,9.385205373638575
18.039459234339212,6,14.68143443501714,2.086670832185204,0.9082284887003229,8.121548030642131
12.682425259339407,9,16.809487184998936,2.1219765989542503,0.7587153211639207,7.4953239804674165
21.48060138532288,11,10.750425887412481,1.8883988726825975,0.5971553059903019,8.518906644091311
21.305276360899448,12,16.713228388830593,2.744931719301041,0.6541327370278737,9.975595842296137
20.025567283212304,7,14.251422939981804,1.1995480107617422,0.88912792394001,8.92661315512164
18.827064333124266,13,18.942919982719452,1.585751487609877,0.5788067545119405,9.041861450930998
12.92314628974793,11,19.749544206259003,1.9483726199254763,0.6323913243283874,8.952813840024655
17.896773386173205,5,25.358254568074457,1.1784055944229164,0.15647671600360058,9.387198289910575
18.286427417366152,14,17.3185326928543,1.9120727977839644,0.4739212201161027,9.951193115968193
15.988613653891905,12,16.303185266328665,2.830735082864009,0.716397111958099,9.107596492514647
19.193571441669953,8,15.777537206309344,2.010443244147981,0.2709426983163654,7.852676885354915
22.020254284072692,7,13.587334828757246,2.115350452859342,0.20225418052453492,8.253241541673015
29.43092950605265,7,16.353935373846763,1.36991761741371,0.31382680822441555,10.911638938969341
20.872889064159196,9,13.818394359443882,1.6918192959802614,0.24150062799283345,8.434863865938405
21.28775195361382,13,15.673843905078456,1.8124018098380315,0.21491263703639585,10.818322825139516
19.627770421169163,7,20.27039014243184,1.841142451621883,0.42485084286808694,8.907690758054176
10.406143923504793,11,10.973829738881435,2.6408218975018842,0.9078385138835341,5.828393828172706
19.867430622753915,11,19.55951424451618,2.2788455303625623,0.5070596467387183,10.016733252550573
20.301151049705133,10,20.268460269359462,1.444271021531484,0.18792038081532303,9.468254209232658
32.316210562426434,13,14.527725892035685,2.1232523892160025,0.07697166938087407,12.10378469570361
19.038195176094387,14,6.512580403965622,2.2491108742483927,0.6961561451379252,8.10956699977946
21.507736711668063,9,12.56871205162227,2.570074519260633,0.38279876443638783,8.440339626936238
19.826441151473784,8,20.187978186244436,2.790270343284187,0.8218309465853593,9.391800641087968
14.156609811902339,11,14.908527750804472,1.4924529040860657,0.6595107686407702,7.629866866688122
25.714114072575104,6,11.002791070820358,1.5945712443948308,0.7962414505413685,8.314988656804616
23.759665163433873,5,12.98090031508713,1.3712110705426919,0.27194603941844875,8.879825295384583
23.955159735215233,8,18.36248010601821,1.8829900704465092,0.6923589224610581,11.133825061761465
15.453062726026305,11,17.186934272805516,2.2331791872231674,0.2640619846937188,8.397760598237134
27.013971554680495,7,14.044271603321222,2.493667258294551,0.9390684794502916,10.07303436457606
12.990744686038596,14,13.53270235274125,1.9620244881787385,0.6363742815333744,8.154896484372044
22.934285469001352,11,13.432967403824712,1.840076238372578,0.3245118001753421,8.964384509335975
30.952278129049894,9,11.31035926200599,2.07587899612437,0.26951186229227264,11.574395320431435
15.047318374346558,10,21.461502757877767,1.5824285491849885,0.1909265850716435,9.097290911649905
17.16851135198614,5,13.71071812315464,3.0447693608473867,0.6946409588937278,7.834274755798331
20.498256825438204,7,19.868634083301984,1.1961694864409707,0.2187156129979273,9.193928500648923
17.482621729419005,8,21.085264207689804,2.0923702894478624,0.5953032659274891,10.040794329019562
12.246682844669337,12,18.993243592591842,3.01180310961482,0.26463502692535734,8.356131859866672
20.342814874030136,11,13.273518749127806,2.003399922279999,0.6619689447938686,9.25974279203919
14.688481431369475,12,16.61492036134644,1.9049804824992527,0.8149397285405392,8.574925284955864
22.36796215317591,11,14.903217574436335,1.8212772885947863,0.7780252431446532,9.697975362033507
15.402878828830985,10,11.385192557079488,1.9098041591187962,0.7608513309307817,7.916500842793077
27.749672025087698,8,16.29743712688641,2.686424237338265,0.18772240569225207,10.603899537455423
16.083733538318814,5,10.28384083536079,0.8940690443352466,0.08838494698451871,5.466515728297736
18.38969241897162,12,19.750717553846254,2.7667168506481628,0.6989488284873856,9.156508504959856
24.067586086848348,12,13.141530810806428,1.2880214237749275,0.3683472137943513,10.024838488696272
13.845678417830225,13,15.804638623491357,1.8666738353827925,0.4323462264033473,8.375931742294588
21.137299673020646,8,16.13315148618457,1.785377789850669,0.031149092793391064,9.037779205176774
26.53571377141214,9,13.964380105183691,2.29427663488536,0.2595764492750492,10.704705081846747
11.962583827193862,15,17.3467752059011,1.2009378240581263,0.03367640387446402,7.48443643953268
20.92316929266152,17,13.100385373509901,2.2310863330409716,0.8791857726012476,10.24104385363518
21.299413971242117,7,18.485189189828976,3.012154811643426,0.24339668321853047,8.236452168888766
23.90911435888655,14,9.616081279013006,1.3184129977035948,0.557337169573008,10.21672305847108
13.81524644560959,13,15.505518318185647,2.094853083805198,0.03897932066113041,7.988248334369903
13.397716934578618,7,22.75571599623314,1.6690089111016955,0.6668473913056581,8.580853625673686
22.60970782808449,16,10.998674701577702,2.2129436030965177,0.32302734575409386,9.476166593260896
21.48492336616593,7,12.289020117900595,2.0095738887078762,0.8979191869576658,9.045806754580763
21.252464251729382,15,17.05563139863566,1.6792565454778452,0.8881181889340358,11.233239732890135
21.732241047484877,12,15.718327127758393,2.243936142435537,0.3252906183617478,10.113079781084068
16.599876392107547,16,16.402520397094236,2.9021740548933717,0.9009608956904679,9.351422750310473
21.161268485805017,8,16.956748520590654,1.9045481041363506,0.9961576734987788,9.679169726819575
21.465362366493405,7,17.53888587424708,2.359878971074091,0.8254156641239481,8.908347479939188
16.42824290986816,8,19.438799367824892,1.3533635210644182,0.844871347755229,9.207841579425356
29.328872555723784,4,16.63927462771405,1.5217818115909956,0.2490087361090899,11.324184678427818
22.36916460455894,10,14.03496938152583,2.236203138940189,0.5767023988577563,9.8982991257419
14.043482513986756,8,17.690294804810925,2.7420580142679825,0.06725591396736785,7.094927213258962
23.28276804316915,14,22.599527739580864,2.17780667439283,0.09491793682166971,11.939910234607469
15.126591648863393,7,14.469465014469705,1.8434709847384227,0.9988926120332906,6.67939925191141
23.93542301871226,14,11.101882781317434,1.999645702711677,0.32663924942591094,10.214434290058765
25.79297789503702,14,19.42832267714789,1.3747961330151413,0.7481839120488464,12.307392038933513
15.896588408241447,16,14.518475344185607,2.3022576631776834,0.8066650530268165,8.0744800881351
24.81688064622161,13,6.309321815943855,2.441166531161705,0.8580232710072292,8.534208707976003
22.06390463468249,10,18.389686708601687,1.7739548335834598,0.9976282974021565,10.108645964263957
24.11030079997245,13,12.858687256184309,1.7649789261202493,0.24149648525686784,9.985909536363474
29.483964913269737,9,14.637866870783357,2.132939114826024,0.04035082685969971,10.307711490623074
18.773059419985646,7,16.327921322276058,1.7816401319797022,0.411191517994586,8.624959740685313
16.23131917821255,8,15.761998719116265,1.9669336926870888,0.13008066982894695,7.931042572110568
15.552427851872384,8,17.83780726855616,3.049860894583258,0.022425889162055124,7.680766425715982
15.920948575172808,2,13.258054517720627,1.8764871496270017,0.3604268271414861,5.886369656654902
19.614491452929478,9,17.05242319270433,1.8208299239893888,0.7837382510752364,9.713849352015304
21.70575987408322,13,13.961813289664331,1.6762290971824205,0.5661806912250709,10.668202637272232
21.383453996650097,9,17.955241923550012,2.3720959857499686,0.31277798921035405,9.330328164203834
24.13591624518012,17,17.461469936052215,1.9093879133909486,0.6543420054927197,11.438591847175571
20.065009459389536,11,11.258245191821619,1.675313480839287,0.23201818030881072,8.779031177381283
27.267670385786584,16,19.343928464700127,2.660652016136506,0.014381446072085025,12.197879212348424
18.67671583381022,11,12.856146219543808,2.7098015022568185,0.7643533864364274,8.317729896136644
33.600845832948096,7,18.23223119312458,1.6997882171306475,0.6237430848640091,12.760622164078974
23.12833673882503,7,16.469149253605362,1.0667300243196918,0.76230262450096,8.75968415924958
15.714212217918586,13,22.35273470718049,2.503756844918461,0.03893801668766561,10.301090576373124
14.645537509694439,9,14.10613607051259,1.657685087119998,0.8371196278306522,7.546260665325732
22.412362076215928,12,13.60273281552721,2.3953127995813843,0.6195262000363033,9.426554912896613
18.882686073370746,13,14.92232157644907,1.0149480911440822,0.5633953507126401,9.4229349161728
23.57000247046046,7,13.787280868662899,2.4462986691496544,0.6246140481145316,9.015388902573065
22.366188122867726,11,18.1997676077682,1.3944140353596093,0.8644332468683641,9.652246509465819
19.635855436715637,8,8.53475756625365,2.365382059533262,0.5869365065589071,8.080641669869157
15.766031409657975,11,10.785270323414583,2.0071365339182172,0.5809503798881793,7.44062178186184
12.425763876570677,5,10.728788313683228,1.5230302903016777,0.9906791570657658,5.928396065416449
17.767425239664895,9,18.801230367894302,1.7964818435366097,0.756730167068568,9.536228073733962
24.28199397161736,12,21.8424534903277,2.3431592284783505,0.4422938054511353,11.028565868061559
21.07046872065102,5,14.582203125850114,2.052947226557617,0.7073970000329277,8.549334959821943
13.77130610644006,12,14.324713107239958,2.292206490236242,0.3892304716917885,7.529146075690519
20.86590462925591,14,15.280208652452725,2.9882202922577425,0.228875462483499,10.149771090116307
21.926586898644185,10,19.647513210432763,1.2178791941444742,0.5968518768877594,9.41111405992541
15.580712818994336,13,11.290587463237703,2.808606287484312,0.9281820981139515,7.686044831946719
20.76862552972764,12,15.95347593093914,2.0521779687616064,0.9291395200154627,9.490077777062467
20.29104359223,8,18.900790519129718,1.550607975838436,0.3419052781054903,9.686383691349038
14.285148510846884,13,17.004376679759382,1.334843187130505,0.527677466221695,8.902812394462279
21.788936801741418,12,15.758326466394973,1.9054398046114833,0.2116358985698612,9.533269867749697
22.80392263184117,11,19.004184370268565,2.46082505596223,0.9956311094988834,10.224568896909531
25.415256215876383,14,4.187070828003051,1.9362254398112329,0.9811179078679357,9.126980050183557
25.269010260174515,13,17.71150127812363,2.7555774651236735,0.6495089297074473,10.723097871763288
13.111653160214544,8,12.383697267490305,1.2744121549742204,0.8044140596774734,7.142854495266459
15.310874800424386,14,7.677468412574172,1.9939555260769728,0.7151001612837,7.136179593182826
22.5751763360433,11,17.044810398099923,1.3738032777934404,0.5931582190394682,8.856485070896763
22.568929754561044,11,20.49463418065183,2.181815941312484,0.053347996988897695,10.472472676436357
22.575238431530238,13,14.450205941489232,2.44344369504865,0.45476434255266107,9.442086512114136
39.26365745327361,13,18.811498188811754,1.7896191031594735,0.6747863021674105,14.110742994842896
22.854452553465833,18,21.44911303195458,0.6978930716864329,0.6775316138836847,11.96312334791179
25.677828200902994,12,20.25965781433619,2.0994740733982473,0.3731226184223836,11.678851119718546
24.770008817466014,8,21.55985811748557,2.218369275866755,0.9416919866580306,11.674561533621617
23.25695625652899,4,17.96850996428757,2.202147377480849,0.167357032236781,9.285635463022397
18.42365377679827,8,15.301734555606371,2.617891095911077,0.5003594462155606,7.889231102393757
23.794846102466337,12,8.592136752411326,1.4644731601754755,0.6908839765508228,9.490581940886381
16.13587392731214,13,14.015750047480205,2.340108052725225,0.6971358058918092,8.177305146625171
18.815906966299956,10,11.627013618735234,2.5962537562389874,0.6486389567688156,7.671856978808725
17.573182260854484,12,23.683770869991257,1.1107062079967416,0.27528821345186016,9.896377566178035
20.409370696931614,9,14.296456750270654,2.1598259129594886,0.15620656868662197,7.814972910081871
31.573292833367542,12,15.492819227137943,1.7479100844961644,0.6359403268267109,12.108941936079427
10.66367403704126,5,17.20594150416187,1.959238663449177,0.5993021161394377,6.363390675137158
23.43130095187257,11,15.174409785489814,2.173838241769168,0.17935601028924097,9.887697708534153
11.936420644051742,17,21.780204161723013,1.7563857179432238,0.7051391455705633,9.426944925234348
17.640340671052833,9,12.509402553062191,1.6621459604191942,0.4551719917336564,7.391106396518376
25.444752984836832,9,15.77842982094897,2.017076208744012,0.6677605916031529,10.601118056545968
20.321400095477316,15,12.030117657207807,1.4563770305685986,0.8373670797701507,8.960189251078978
14.611276110353469,7,9.719909955117178,1.4570874355574073,0.16972842857692316,6.646832213931566
16.42348145370016,11,12.552923636378859,2.339686641478252,0.01914486799683668,7.215944939276587
23.39798874467338,14,14.851852811806351,1.425602982420672,0.7791025863957868,10.30333310696526
16.34816684141432,19,13.282791101930961,2.333156250454606,0.6096974251526159,8.656378079918772
21.082292947909874,13,12.230316080504576,2.2312956464269758,0.6996395696221217,9.044174913185405
20.22785919951907,6,9.374730145312665,1.1370966356047016,0.8381549749886426,8.050005531156632
16.741998261970913,15,14.66757770948522,1.6612176738321724,0.8028109348245005,9.444376267000802
30.719720446626628,13,8.98111850387599,2.5970547015236862,0.9609201469288247,11.491318382983115
23.169595111590056,5,18.04022385475841,1.5094172344301593,0.5359350788521182,9.774317962489485
9.874287066711965,12,15.329759011738012,1.7677978688453062,0.48849563265990537,6.481490156621447
20.93227157384714,7,9.169794002140279,2.2310304466259483,0.4018871998907301,7.403084836597741
16.69106767615806,4,13.763163691800546,2.3916952546412977,0.15369104284420454,6.365525299883883
24.26216667398112,8,11.991374377637667,1.8742305569777522,0.5726072328820224,9.826330176930623
16.037396307836495,8,16.27669804167672,1.7012449026541792,0.2770125243259788,7.3355399625037725
19.426317792665504,9,20.361801784092577,2.711184930849254,0.9213075122129755,10.036313952343683
22.524936394902287,11,7.499310121417022,2.8694498318987893,0.5831908042770976,8.725085686161659
24.328775970850607,13,15.46010431658967,2.4894290253908977,0.5928401805081102,11.497217341871771
13.998517964721119,10,14.359468817733438,2.042659071282512,0.35492466087701,7.201958520329238
18.327493820795258,6,17.68536030580186,1.595867139179537,0.05198935197770749,8.709348894384911
17.62527344419522,11,15.852786512950757,1.5847777967217174,0.03174376537298862,9.893786310937664
16.73335383713144,11,11.992122673044724,2.2612570526328786,0.4233351441531975,7.47818178189681
28.827271201405484,8,13.723784257333527,2.209199110444342,0.08456537809723785,9.63637938442175
22.024908554804778,5,11.815896572786045,2.700799296473215,0.6068469555401391,6.954043951114137
13.695580228324774,9,19.304028554394392,2.3252250462680695,0.8809730056396574,8.44917000089392
24.58930973527388,11,15.085246594687769,1.2484598491200911,0.8829148165187222,9.582094612959963
30.610780985063165,13,22.60476274301203,2.525973808861459,0.6590454101322324,13.195899523942519
25.162326302755734,6,14.757356744741516,1.5009696863427935,0.211231831472931,9.735991549260357
12.403150170229933,11,12.166372932358149,1.8080143640238242,0.8629968313588721,7.050287430561618
17.578829635668743,8,8.945142429548692,2.125100103125847,0.8860934353132082,7.23396584840882
26.334555745933113,10,7.78744129497622,2.9978337448919823,0.1966535849529587,9.072941708032287
16.461652671906094,9,8.663456227978042,3.5549592780026806,0.7374260857706773,7.206145030503805
22.219097140731144,10,16.068506604045933,2.3033615295680914,0.28651954892712295,9.14538791600615
23.873170267146683,5,17.034900092919735,1.908401690639806,0.8026403123529297,9.136193035954117
15.365347642109585,7,8.675237191871467,2.267252824240275,0.9972378999036027,5.8688934211404185
19.702373219691,14,18.580153256304463,2.443827712936918,0.030026005329392813,10.525332723270441
3.793663299654636,7,13.067755793266242,1.8396661872214042,0.8973658657909319,4.784414464616473
14.878061793328552,11,15.587172047942197,2.897605677956161,0.622630533598658,8.127043429816199
18.7371592430342,10,21.448882513021697,2.115035379595701,0.9733826191648212,10.521133352030903
13.761084090175753,7,18.587357263462128,2.2488715445456973,0.4650095175264276,6.962591649973319
28.162056519658176,4,13.925877408376671,2.3329621260272306,0.8473879305713737,10.52204871491016
12.849293110196836,7,11.43523109833885,2.2107933053072277,0.06239406859827723,6.7341114076625725
17.799777566515083,12,6.39273839468278,2.419470250234806,0.3352790500782957,7.533612285598092
20.653702886430455,8,12.12338672303032,1.6913734067265385,0.06701653775120997,9.14512638347923
27.206366445330577,14,14.155479044689223,1.7208491230269847,0.9753431334790705,10.620101373174927
12.820689244102804,9,11.051281891395265,1.4499228835141524,0.8169739072718367,6.297382295656032
25.815818760774796,10,14.474972131630782,2.2197506153101134,0.8525474212459705,9.960199117125688
20.051165305097935,15,15.307407531835073,2.389468251756057,0.9379652314338942,10.338052086768055
15.092456744760245,8,14.100576072767685,2.228886433075943,0.08510348611978535,6.646466352648337
22.310517371316354,15,12.399989676706161,2.8372462166737686,0.38559759251333336,10.17494016075969
20.99529847786735,11,15.67461868786691,1.9972019905854768,0.07103488904400213,10.14033765019427
16.998915614206027,12,16.767762598277635,2.3343708277962563,0.21079310155002862,9.180822919892174
20.349010424950094,6,10.638403690228616,1.4541495619303428,0.22936577703767236,7.775593921081389
18.0734320156912,20,20.64372951898508,1.8064501487627995,0.4691072110475787,10.892089739189784
20.56758672625624,14,14.605647470862953,2.3477688787828885,0.2685621674536426,9.245970533728299
23.310653372605234,9,15.07539849177939,2.424551055371572,0.10097810681776109,10.088223400883116
27.93008408072676,9,17.832857693026227,1.8530165261679088,0.1674910890941077,11.585703978657047
13.810922505865754,6,15.932864525054006,1.9642003740709666,0.14727556355209093,6.879642294124955
30.665166873281333,19,18.81254653565298,1.2410631266595953,0.9730767979122983,13.903346387372654
10.239561002387491,11,16.148496660807297,1.8214853995966953,0.7592925069184736,6.118881524426978
19.241074524822082,13,12.55025050143825,2.445191581759893,0.967761465269562,8.3859907435759
22.941586032422883,19,16.446014100824407,2.287602508053283,0.43974048650790853,12.472400325190671
21.404959338675162,7,10.425095170717352,2.250332860690605,0.2783684816626566,7.239086710704338
16.88650240089703,6,15.434238823106092,2.02488684359048,0.7982931972091867,7.7603447457086645
18.959388748213623,8,14.867080037422157,2.0035315793140884,0.3262539180411468,8.834594160650267
17.534995326705836,9,14.167532570909842,1.6698394302632764,0.2993833737053483,7.477002195860439
17.053176215278942,11,14.485849954244276,2.3494142101012674,0.2325059922078312,8.34918887724277
24.248010485105123,6,7.472603818009444,2.210486472194695,0.12967897822423535,8.297387473628167
21.785077429825236,12,12.805100369036154,2.2460094239963997,0.25646306101676597,9.301677037942262
16.535452023696728,7,15.371379604564458,1.7369825786662099,0.3553197484738877,9.153225776303737
24.497999377166252,8,15.639425567989601,0.9233285400643778,0.6739942081457304,9.250449956935201
21.536497604383047,2,10.889299436296167,2.5485763558768477,0.06256484221945158,7.520995285795702
24.0643105941948,8,20.062831363458802,1.7605812719957978,0.21050693966534295,10.430328452865014
23.14814420961806,2,11.535300607141997,1.5686121179784398,0.8090236402916764,8.225951101474879
15.855024945389639,11,18.877828802106947,2.346739455956997,0.14692192358377076,8.963905240647739
17.199094799015153,9,16.70877744748674,1.8039936800404353,0.34264514652252154,8.096514887052669
23.736468025616308,10,12.415090760624787,2.529968192023311,0.8646589218581401,9.51290500525701
23.051851327167324,6,22.101243570438047,2.3085029747883485,0.15492531114344266,9.231001902770881
19.89549203017926,8,10.225452672974079,2.3417846616002387,0.0827368356181899,7.9053137534676425
20.58663691654391,7,18.676616694440007,1.3170221443997328,0.48453799508001083,9.545166268101058
26.388324478942124,19,19.002329272171913,2.6059719926932003,0.3024195112785364,13.032236731975674
17.04214305582085,12,12.31751916369342,2.130625265616928,0.5634083644838541,8.68288356517878
22.735486905850188,14,20.569861200257314,1.8153614303768983,0.8038048904834751,11.660590485576533
18.98903673783053,10,13.999813941604188,2.0716942336711255,0.13714848815274316,8.564470887363543
18.9115939838639,14,16.154774517119428,1.11188238355084,0.580699084554285,9.419871141078875
25.49388425993595,12,16.041287355084883,2.2043264057403356,0.5055087603898639,10.470090035405287
24.12708174494015,7,14.462765034117808,1.485314245908964,0.14407878601319957,9.978917543036351
24.067548180003193,9,18.24323309263913,1.3236648570782328,0.6239984855289824,11.258227948418947
26.527394035771646,5,18.173954882208854,1.2388204068910544,0.27364041786077165,10.225795231420705
20.105019208163796,11,8.005872107047278,2.556344187494963,0.4878343185440125,7.8555609890642675
23.40976485647482,14,20.217360971512612,1.6853683031536058,0.08227232427706188,11.004542157154034
18.44866621703272,8,8.350032047857303,2.76686385495825,0.45958405721362305,7.495608123786964
21.62083176244221,13,19.13018481736663,1.732099268473851,0.3064634680428203,11.020014141871807
19.349284728161578,13,19.506820547310333,1.1463210212035266,0.8223812111853543,11.400876789502878
20.48497982496359,10,10.636134279139206,1.4417377800256705,0.05697872699736828,7.914785979040789
22.97578512718457,8,13.35674284818166,2.617905810003469,0.41860727491832994,8.729538486670858
15.908896583832638,9,10.577181326056257,1.9220509110316661,0.458431424131438,7.1650268826927
30.461936378427303,9,14.140315878845058,1.7258563517546994,0.7250060762991187,11.599196302786432
14.96991309250149,7,13.767862863257035,2.080009112926394,0.574287575090211,6.922016331245571
13.92905693606134,7,18.118642129077358,2.2508913680837725,0.667212337194181,7.111112896483878
25.790554367500338,11,20.24123498447843,2.5586994079512304,0.7770492856517561,11.89752908540809
23.95831346981468,11,20.582735243159824,2.724249614946463,0.8622029736581888,11.423045929539427
23.120599085260775,9,12.751327893686792,1.8201156771054572,0.3138754967224705,8.704797714967748
23.1417275463214,10,14.16311250502189,1.3369761569589809,0.538022705363903,10.42130557225481
19.938766135765427,9,8.2662472311162,1.793267419438362,0.8401080784391999,8.287695860583087
15.513728142570843,11,11.776519734015245,2.130140253291443,0.9894511309650564,7.662078730498364
20.37902279096863,11,18.85940653238983,1.5181205368946946,0.8895193110437631,10.179737331680473
16.61419144243944,13,21.46233129419293,1.5214245425524786,0.3714672626243768,10.237663008712527
24.875598667088756,17,10.062604512480313,2.1718939407749427,0.19516651721865041,10.01521547250837
19.264713092489306,7,12.630142963388423,1.9756738242147744,0.4893925374065887,7.8747163578277535
15.872514016037442,8,14.894376972164292,2.016398497705793,0.7416414518360422,6.599248037360018
18.393070791735035,10,16.120644635278428,1.6207523326499653,0.4925690707532976,9.32864419473866
22.06465727137812,8,11.761585920313415,1.8847996428971163,0.4831808633136685,7.791532843649544
17.181377235980126,13,16.696244177856357,1.5378834278658478,0.8382304210818006,10.080633801507064
15.888898022167844,8,13.104642611716336,2.4450992055623932,0.36140377906718635,7.030372063146957
21.218436057459563,12,14.942190916486883,2.5176246673618765,0.8597946748116456,9.504619529282298
21.224832855543614,9,17.185136992014797,1.076906068880953,0.40680480095172356,9.359397337265031
17.46528412314435,7,15.025689079243751,1.5352445699037949,0.3282331056783394,7.7708704940123905
17.644808471908387,7,13.254456437893726,1.2517353724549605,0.453989911199699,8.430272772401851
21.16024968678818,12,14.561560784296677,1.674988032796551,0.7624469586748684,8.433128322910688
12.759578292513378,11,14.64654816317866,1.9582810151048196,0.12600202786399428,7.950704355171298
12.962681128117223,18,13.519955880471489,1.275177390150735,0.19641921587201738,8.73789563492811
16.40777889373782,13,13.96481574933159,1.5390700934373434,0.951444825663092,8.070497891893305
18.932764241440765,17,21.394588682018867,1.4980213139592506,0.17549162738135737,10.652727246868983
21.554537827990025,7,17.243677791764956,2.1036336646994718,0.5677273179310546,10.067966325485715
27.376781084747762,11,13.818078727883359,2.0346721685181253,0.5793144666619379,10.273856651015866
24.288298116010097,8,17.787817618042943,1.6391312233313733,0.4896244620502448,9.664422111535949
19.200307350182864,13,13.66472204097596,2.088410436069699,0.6447452485768186,9.68764796510335
19.904918960486555,13,19.692498550346563,1.7266599577063673,0.22982672579761843,10.531740081340361
14.987353176810956,12,16.478568768792375,1.8641724448369734,0.5526622677767482,7.991842317137011
19.90743432003805,11,14.570791423983085,2.8367260451492684,0.37217325524689715,8.995928622847924
18.55670680539931,11,16.790867703241112,2.6702305258951737,0.661667259629189,8.541376824805898
21.613592801690448,7,8.716495391726003,1.3502093815362013,0.14122354337314946,8.32484497449508
15.863845282238385,11,10.492930124360779,2.4148662089395874,0.5708774168394762,7.837938014138697
22.596732571205862,7,10.224299974403777,2.405698277245796,0.1852703553833237,8.345507327520563
27.66369456501289,11,15.571772379054828,1.4258683556236909,0.2786430631150364,11.37359119595474
19.456199257715713,12,21.93005999794037,2.4093888218774304,0.21870980032358323,11.219356879603954
22.008558610494706,9,23.92520058477053,2.7689659592062763,0.1828377798688171,10.691207699604044
23.450719958555563,6,17.552204405763028,1.438727596877793,0.825710951560667,9.154029191316853
17.993897640570818,12,17.003377899777828,1.5412485894928682,0.28570756766089034,9.512772207746762
21.120462409052084,8,7.795769063389044,2.5088307334217514,0.9271237818644493,8.638831544039625
20.062962003908975,7,12.829304801063913,2.135747655412824,0.9699265253451909,7.643841772523205
20.48838049274416,7,11.848864992367044,2.2757381376197614,0.5712604699370973,7.788380100001139
16.13495108072267,4,12.516609606995535,2.1702946082002486,0.1430011226657264,6.64814231057646
20.122550871294713,7,14.327424725660842,2.195347960464072,0.37454824337958126,8.277236291809915
22.489991456227248,14,13.111637689211491,1.3367639358444585,0.797732263348214,9.6787346088647
27.25571803897521,10,7.082800758496849,2.523658853310724,0.36739072869707046,9.745951769075988
24.796354130426035,8,17.991641024470134,2.584794996213887,0.08701721830278875,11.290085181133284
30.765912287557782,10,10.709027897040773,1.8853046279659862,0.5567849109281879,10.943805756585599
16.163262185559752,10,15.956987456444597,1.9782615250930689,0.8451208514960348,7.872778387106959
24.361603183603393,7,23.296330678999894,1.234446248722139,0.7959263871435024,10.43794005144233
20.91671002869176,5,11.322461633654306,2.2571273780089176,0.17512314013035324,7.670640643978675
30.94901466608836,13,4.878849909014681,2.286028720857072,0.6727646144124667,10.875242353853055
15.958508573224243,16,13.855983112479556,1.9689044915003444,0.2205042634356471,9.092022845454888
15.80139078909612,9,19.403838539994283,2.5621766799352512,0.21820753455217223,8.435028977045997
17.00303677277989,10,22.833389816882374,1.8329613845100297,0.8740717733051852,9.50432524437038
9.380521378450965,10,10.081801622190333,2.2823029629468,0.24966895274023015,4.913440804422134
17.371224891596196,5,16.98679689294609,1.490167830653942,0.2632473465180112,8.298708981048637
16.20433669223151,6,13.138758172879786,1.988223924562881,0.0006533907612995549,7.3933889811863995
20.75196893238104,8,14.576206582783458,1.9128228710485822,0.8706690341255177,8.062894067942494
21.708779878885796,10,25.57737338806814,2.1126539610204706,0.7925948132091347,12.144942040312928
29.380854196079433,9,8.988118686419387,1.8152365355833207,0.627328935090678,10.338720460963026
24.75211919093025,11,16.014958645978293,1.934263702164166,0.7502657639388423,11.266198897027186
17.115481721687985,15,16.870772687061734,2.413023585720753,0.1520485674244918,8.721195818974419
15.50792664325821,9,19.34314529975739,1.7816178813808912,0.45832359458757543,7.876097613271918
22.459595857532527,13,15.391932613883581,1.1967114496306603,0.3512193873487809,10.257267808966827
13.398833964896788,5,16.23220215801641,2.8747919521027105,0.09377652625701649,6.732705668296642
29.15729382927177,11,13.433405730312835,2.6907270393452434,0.4861304852149241,11.853024651118952
25.897200603606436,6,16.07650776498043,1.3538686524471908,0.9207396503426354,10.455513199048674
17.654121739476476,15,13.627230898010358,2.344853902622597,0.04005911905069448,8.807591183995822
11.434327354545612,11,17.486287559424202,1.7485126147243284,0.2914609134937939,7.06717538170825
26.769361870827062,6,13.521558655825464,2.1317436076655296,0.20754093620570346,10.168687159114688
19.42730077373691,9,16.508401575608747,2.147112064506747,0.23814665366569632,8.389918674262864
26.189081559867308,9,14.882948745260087,1.882796099841839,0.9084345518793753,11.203672316308637
12.027861706028165,18,19.504201003088674,1.6081171672068018,0.4680690542342901,9.267241042604963
17.003124885231134,8,14.794425105646056,1.6547294738418703,0.4662994129398188,8.741351515600275
20.026218498590914,9,7.907870127172474,1.5419040422593788,0.7605756424552823,8.032909027621685
20.23490296882371,11,20.04768600285597,1.5840888958847776,0.1544922040049258,10.090543109934563
17.74967264260378,11,11.377070796549525,1.9664108549753223,0.4872653541000508,7.732266891515704
23.114249661737492,6,12.384934645404721,1.642120005444624,0.4299852141210597,8.443827258052094
14.661897853087028,13,12.617354823826032,2.34102603285631,0.5969106905466561,7.99531463075526
19.288102574893532,6,20.49775237268327,2.7436230776679635,0.9995577032504386,9.088505218282789
20.601478158559495,8,6.457303144085218,1.7099733793149785,0.7694488940820471,7.061658722908679
22.572194170293745,12,27.550994134639975,2.1197022502676885,0.3978657030174272,12.109322530496824
23.55807439044445,13,19.224227236264205,2.249842555151467,0.827553052274047,11.209129370518315
14.376789540810654,8,15.892955656516639,2.236001135459637,0.17070836331248018,6.273735906330715
12.329429146321889,10,14.780423997534854,2.0379776339580435,0.030463686308960125,7.247120582538059
26.388384109492545,9,16.14221629943063,2.371341209179861,0.20444837246427305,9.935571940474201
21.661570059897958,9,17.084489713517353,2.2411244763403286,0.34041155611425966,8.937176177160547
16.25756731721723,13,17.580862343800227,1.381168788836351,0.5105807574595599,8.388581598185464
27.755759877612615,13,17.222417864013792,2.4345780321946364,0.6151291405411998,10.840581558884876
20.578373171464293,9,15.358322725020995,2.443645418633371,0.9106057172144217,8.338975959815274
25.896485920319133,13,14.210646318770696,1.6183569479107092,0.5098540095504577,10.536861891768023
20.337592407050543,10,14.394906865385954,2.018968917723801,0.5012756446257294,9.945196327605272
30.303739624409936,18,14.220366878589276,2.3416644964055346,0.05024300982298213,12.35133941274034
28.77670421221602,5,19.53508038746826,1.8953430902103192,0.03491155265622381,11.039512226299328
18.75517925760463,9,17.37422688912345,2.536489023883006,0.5511599619163721,9.05177874272717
24.85785475477178,5,3.238445461342879,3.1819362473096806,0.4381786132483445,6.965586390482603
23.226879747925736,6,17.623603106119045,1.607006983682509,0.8391803949802986,9.634412650500163
26.843157787661745,12,15.778944778875099,1.3094776984231125,0.16067958471184518,10.61516142469446
15.175382697099478,9,14.925164974216411,2.1519092978024377,0.024971662117049598,8.248697789665355
23.430257299992196,10,13.445926187644456,2.3607812525630716,0.44903876793012587,10.36477829066648
25.29212243424794,13,19.496450879944053,1.8845668130776154,0.23747855675225749,10.748723544283022
11.206302567884428,12,18.790105848491432,2.726630331660517,0.04961437333883745,7.184314181913194
14.083707436671125,10,11.908489328705564,1.3306971001383756,0.724598286847629,7.062492930121419
9.803839111199498,11,16.62820914849814,2.3464593115158054,0.11159299995724747,6.396756873650737
18.652965827777212,4,11.113373061834857,1.6970695896205532,0.6083195000077717,7.232351708602182
23.58771127897981,6,9.481527340844277,2.8596889531036482,0.28104975016688916,7.567861686516466
27.51178526048014,10,12.49313110164014,2.996257676584059,0.17349605035502202,11.169567769467953
20.370473902098876,2,18.449573889531035,1.616671706108326,0.37975152291931746,8.917727297153313
28.143077727856458,12,18.812500181504348,1.72522143204571,0.8014457762229537,12.222120571507887
13.099492708925542,4,17.052341680389173,2.429793943489901,0.3920935769045727,7.039252810954983
11.483087803224226,17,17.900383147391988,1.8064346751052427,0.7507696492110557,9.379827246304188
19.722261505516904,8,17.064713148459834,1.977294391033881,0.1254862967991507,8.59265576517076
21.920327244696537,8,12.43407361910819,2.012694210271205,0.7727714196650791,8.282918609774438
19.836526259529535,12,16.727690178695763,1.040163421901172,0.23693332490664865,9.810176046538244
9.662789499800617,6,18.201638100910728,1.9930811269528814,0.6773931298888728,6.843044800952248
19.55439980243606,8,18.017165319254296,1.655136112967913,0.5657815548409963,9.227804997751752
13.477652497475734,8,19.75565348589857,1.753438588800114,0.9291447172116873,7.2772972114427334
23.348362744150194,11,17.833215388804255,2.721816001734407,0.38732251797531403,9.92527490985357
21.83299123048424,7,16.40579283016633,1.3717465528603718,0.06616518883444045,9.154857900143782
15.300601068363225,11,19.28060095326571,2.4066025933739885,0.019155485551252904,8.607330204267539
17.430665413316532,11,14.893914963003759,1.8605185348340958,0.8268585609727531,9.623803486159279
14.703932390555241,13,11.472501395089129,1.8601199157520827,0.5247356376614322,6.973923198031672
19.68660451363414,11,14.347732144224944,2.3951859480258557,0.7752440518349493,9.21618311091244
24.775711602506192,13,12.020389420774205,2.170025647284445,0.2344256000115147,10.807277425050401
15.071369768322281,6,12.299286900102473,2.2853064986097653,0.34508374551323373,7.658680708507884
22.520232577589223,16,14.421925317137928,2.4840923302664306,0.03010387221131894,10.187805972503236
17.348711908137794,9,11.830320316000154,1.8343458084083386,0.9614923245741122,7.984292544426352
16.03563583868828,9,13.768153881443839,1.6938816327461248,0.6678679067008134,8.02649773333534
19.464848200227213,16,7.425541332184857,1.457424736721101,0.9332050877593062,8.881057943832092
14.823788387903129,6,15.853174829491754,1.5872947350105224,0.2654964074290723,7.177498416269323
17.23175347326409,14,15.004821901448897,3.474547212654363,0.6114636112256608,9.001859750308466
14.010610537055758,8,11.731645475727237,2.622339790368393,0.6784999682926378,5.259351707499292
29.823625664581947,15,17.63698267372962,1.3244628168959893,0.31754970025758844,13.171979162474631
20.176317759858645,13,18.750280550506233,1.338771021628215,0.8481092350156301,10.522323355965666
16.50137246003707,13,8.569760542524104,2.240933030859246,0.9471614629002478,7.472894526082304
21.06989955367111,6,11.949100885735144,2.2736323986889833,0.8848551176960043,9.033289693974575
19.43835975154585,6,11.923430600850807,2.2744419176586823,0.7390669759393725,7.246881850785011
18.895152002333884,13,11.240387595564542,1.8725221032231512,0.27746467972495403,8.377556768529594
23.070833500217127,10,18.317899367726994,1.93727286999855,0.28161604210563174,11.298867211766753
23.787538550236526,12,14.224695444908786,2.1639397620796785,0.9633603204460379,9.773307891388692
17.34749426194736,11,13.941940634757557,2.0429465031466654,0.010284495935692028,7.971357894213263
17.1209087967766,8,6.984550542372986,0.8903498136262324,0.7160499732421445,6.697864529061278
18.62474151424178,11,17.541672120836907,1.8851001847124031,0.7062461625552622,9.792035381802016
8.490394176322075,6,10.04296642058611,1.574296782869843,0.6226895409497974,4.839008363315445
12.42404468900724,5,15.239730521065313,2.087605709454256,0.9901088460868658,5.759110172903885
26.834371337222624,13,16.109507751832766,3.492629501301705,0.31187943576372523,10.777726221592138
28.224838567506417,10,20.442634383354605,2.1837408327371524,0.3399718637932482,11.581204434810484
18.75481980221811,11,9.764718403523553,1.843235156913801,0.07893940294655555,7.847336391761615
22.882784815278832,9,2.9219513767166987,2.460900750988626,0.44279813654373745,7.447120909901861
21.556250772717682,10,15.73539817901478,2.2413439436046065,0.2610485262348481,9.618915652144937
35.39440404227619,13,22.202044726043415,2.2100472452259208,0.3433867021776442,13.569687035200243
25.597874557172883,12,19.95578541175775,2.3034252966078355,0.8345717902556277,12.133731060347872
19.360412042596167,18,15.838637661098502,3.0282717824147705,0.9354845135274957,10.445180638441666
15.222297796997871,8,13.033455257471811,1.4345557823370423,0.18573307200518563,7.8818748993549965
11.967768398712138,8,18.22849038654924,2.236816038405727,0.37250893155346587,7.442630427544659
21.017318179336115,9,11.105815201182125,1.5368094350092307,0.9286305621153941,9.092228803542563
16.218246273578483,14,16.905431077424875,2.277756323171124,0.06180846068922263,9.245439782823997
12.88873145201163,9,17.02188063666651,1.5406567442569528,0.09236052811137851,8.160687697955021
16.767135578787368,12,19.24083962999552,1.7913165931974577,0.16279098920622936,9.582883869518806
14.592259981928025,11,26.03864015564431,1.852455042881047,0.5952128341268748,9.868691558706413
28.435708175362823,13,16.569663868715068,2.4879083596723546,0.15047227100599747,12.815839600945958
24.408198784747253,11,12.964145497170005,2.459227221971207,0.9680763814507335,10.317802290865792
19.960136793416915,11,14.897702751232023,1.3771413117768079,0.44671452725852034,9.552806179240372
27.39972069445013,11,7.923696380443527,2.0274670554999243,0.5015179603501664,9.038856287848745
20.38684153823809,11,12.221147475643768,1.6452100726254137,0.2466586158054065,8.14878441469725
15.693578993358681,8,13.362870247547583,1.3707475446623327,0.4709602524347335,7.578175885590055
27.615620386348287,10,12.90364640826163,1.8914914747878149,0.6619136326370115,10.57725027666464
22.694550218423295,4,15.609419488134888,1.84575860577209,0.7511771369540428,8.450409984018103
14.813769228367718,13,11.710320270471197,3.2133582431727614,0.753868082709913,7.581755581206529
19.04830660958196,9,19.484122669297886,2.2164799126803483,0.5778911126940883,10.165331370797835
15.621908733076214,8,15.000828259672788,1.3111912496228815,0.9043597749938572,8.155742125028738
13.08600134517832,5,14.962798715445542,1.717612997914529,0.8174078473061094,5.98339880662494
24.630887737658206,11,13.688421133948328,2.510691647714699,0.7570481146986254,9.94884574097398
29.547083202350652,11,15.620762735435916,3.0442213864349625,0.05560552168046062,10.88283084756544
13.007162130904295,11,18.30039305867054,1.2070083438810209,0.006877962219649314,7.961913627441172
22.814846183452854,5,11.5314791371564,1.0600378074304775,0.21244727719547296,8.074903389855015
16.746787154390866,14,12.367534043698974,2.935482587685891,0.6635235939134523,8.072170454863132
17.56437308117652,11,13.785095884893341,2.194807088685452,0.4111974888825458,7.692477192815886
17.038030378805654,7,9.61651630610714,1.5658536340618168,0.40240625929931173,6.783583410301045
15.68004615160092,8,11.722968561114008,2.2673145430612176,0.8845868882296137,6.756496067994766
20.242608139724133,8,13.095116505821364,0.6821261304915611,0.8955628481318387,7.233309923108559
15.84524941794481,7,18.49755672285091,2.0016877532985804,0.9091752640535857,9.20040358482175
21.352284128899193,7,16.0502453160077,2.1639105864215424,0.3138780765150273,9.447970672944225
19.748809452754315,10,15.774359645470177,2.462135069768915,0.6910558127392618,8.83673279097724
18.80525976566795,6,18.403591848671887,1.493052023853731,0.27163318127436964,8.671034632875674
15.462181689792011,12,14.450512846402413,2.0428435807016796,0.19060983307444979,7.515741994718289
17.116143347158335,9,16.56185939971556,1.5372876869702063,0.18463245734736922,9.286339488247666
23.77695612912878,13,14.587112988270015,2.1276918778371585,0.34210762086359403,11.263677304871354
22.504585938121902,11,16.061449397598516,1.5523268388184879,0.4299576197798217,10.126034537032515
15.112223776007244,17,12.668965369553671,1.7959495804198897,0.8309491710550684,9.286112712981106
20.49666152714613,3,5.244731366894284,1.5020923026048854,0.1198910934727121,6.21445356019657
23.756935616858947,8,14.462883351254783,2.3255681209118286,0.7349258473948942,8.758492377130654
11.652973594393142,15,20.690992544399762,2.4292255583283326,0.5314549141893053,8.635626507336678
22.716800961899676,8,18.704861608966368,1.8826897150212931,0.2879453426759925,10.005922429386787
16.686881205270765,9,18.861589938364684,2.0191189974800143,0.4928195845328246,8.487403936209466
22.852993342965796,4,19.94452288722487,1.275704292683228,0.29994206977702265,9.490253438713507
16.183704217287417,15,15.35463036384575,1.8501616759966064,0.596081955238306,9.051406754735
10.975589496677404,10,15.789262829622382,1.9748976914791276,0.4338439228552442,6.927558785877098
11.862287810584187,18,12.5293924182626,3.3103965455149877,0.16440552907887873,7.73917075178899
20.24042473330691,16,13.7357085758918,1.4440164871129182,0.11658307455569672,9.414340263944439
21.29861250860741,9,17.463084599084567,2.732088619376219,0.5466956820721302,9.079435567876214
15.478416874477958,7,19.815537748675265,2.498429386732904,0.9024130332861034,7.580121441096912
23.19296229388687,7,14.442214897276003,2.1403182022450684,0.34395768655768555,9.555545303748152
11.6923996886552,11,13.199242940594354,2.8793102420975667,0.7330001072226232,5.679954156689081
19.66960100676342,5,15.002111835426389,2.1860527363034317,0.658661354939767,8.5924012673857
13.944919001187717,7,17.40482699571646,2.194579597833964,0.931554914309481,8.18021918144054
16.740819460989204,14,9.224580735465832,1.9734396734912274,0.8209810172991409,7.816639178291531
20.23699335658207,10,5.8152761874510475,2.6117844412093136,0.566605258905463,5.993023738946466
